gene_id	gene_name	N2L	N2S	N3L	N3S	N4L	N4S	NE3L	NE3S	NE4L	NE4S	NE5L	NE5S	NW3L	NW3S	NW4L	NW4S	NW5L	NW5S	W3L	W3S	W4S	W5L	W5S
MarorAcadem-1	MarorAcadem-1	0	0	0	0	0	0	0.24579413859	0	0	0	0	0.31011201490093	0	0	0	0	0	0	0	0	0	0	0
MarorAcadem-2	MarorAcadem-2	0	0	0	0	0	0	0	0	0	0	0	0	18.661517858048	0	0	6.48264812141675	0	0	0	0	0	0	0
MarorAcadem-3	MarorAcadem-3	0	0	0	0	2.85182255803826	0	0	0	0	0	0	0	0	0	0	0	0	2.83238233990633	0	0	0	0	0
MarorAcadem-4	MarorAcadem-4	52.170870003939	30.3783669393374	36.8155808123343	18.7030123011787	11.1421084700647	30.2851424516567	19.365595897004	70.4414299083536	31.4120256429011	24.9129447045036	25.4375612179623	34.9485040504099	53.4889735378555	45.9240353504918	39.485355483547	34.2704576463436	7.158694142328	25.5493742024932	33.8931695506693	59.0742322731028	9.14967701393685	59.6437396380064	14.2016072206392
MarorAcadem-5	MarorAcadem-5	124.976158637346	42.9247603181955	77.3022081883309	118.829718498272	70.0994748478955	67.6372611904154	105.250283334735	50.8008704266232	15.7262059771323	55.3076149944119	35.7266235621952	47.1319711490864	67.5735144356933	59.1623771991183	143.987306968368	103.822154422273	25.165512475218	41.257800672276	77.8700038655364	69.7773924928867	0	43.7869607461405	31.6889521165567
MarorAcadem-6	MarorAcadem-6	0	0	0	0	0	0	0	0	0	0	0	0	0	0	0	0	0	0	0	0	0	0	0
MarorCMC-1	MarorCMC-1	0	1.35605229929451	0	0	0	0	0	0	0	2.56876273688747	0	2.4984467385815	1.2348795299163	0	0	0	0	0	1.08973095260073	0	0	0	0
MarorCMC-10	MarorCMC-10	0	0	0	0	0	0	0	0	0.0869089134049571	0.269385709519567	0	0.0869026025162607	0	0	0	0	0	0	0.0753945415177738	0	0	0	0.0888711081500889
MarorCMC-2	MarorCMC-2	0	0	1.05590845986461	1.19718301587471	0	0	0	0	0	1.16516917479246	0	0	0	0	0	0	0	0	0	0	0	0	0
MarorCMC-3	MarorCMC-3	0	0	0	0	0	0	0	0	0	0	0	0	0	0	0	0	0	0	0	0	0	0	0
MarorCMC-4	MarorCMC-4	0	0	0	0	0	0	0	0	0	0	0	0	0	0	0	0	0	0	0	0	0	0	0
MarorCMC-5	MarorCMC-5	50.749294739535	13.1620666706329	96.9891209094471	0	51.8676914935253	4.37099202338763	57.508540899082	8.58079756541342	80.5704659422522	0	62.5292442027476	16.1363953878214	41.4835382997516	5.40478822351081	29.2380309482085	13.211717360345	24.932106509466	0	96.335506962628	0	0	73.6973063298138	4.09438168480409
MarorCMC-6	MarorCMC-6	1.052484210513	0	0	3.27163597244294	0	3.83614877852516	0.588564718189	1.4029699216386	0.447855011010626	0.92415903387752	1.21278604445964	0.520451056235561	0	4.78246954140957	0.441712124076883	0.479607266370942	0	1.68223617140873	0.778471401565665	0.567332295634298	0	0	0.633736037275634
MarorCMC-7	MarorCMC-7	0	0	0	5.51986948040432	0	0	0	0	5.12045379161555	0	0	0	0	0	0	0	0	0	0	0	0	0	0
MarorCMC-8	MarorCMC-8	0	0	0	0	0	0	0	0	0	0	0	0	0	0	0	0	0	0	0	0	0	0	0
MarorCMC-9	MarorCMC-9	1298.88135890427	840.099198979627	866.459185578433	1394.60682634099	824.398845495376	1698.67377276154	1042.87176107363	3037.88783517844	688.511363707263	1756.91897846708	662.0510531166	1228.34731224563	895.006326463415	1271.69159864014	1276.71567803543	1671.24288164411	697.109417906232	1221.69009791843	1284.7647466111	1749.65738424552	297.115318595064	968.818481788188	716.882319958642
MarorCopia-1	MarorCopia-1	4.349090538171	2.81571121446029	2.05542705771361	21.0716956102334	3.01457397729807	24.8562988477591	0.293803064933	9.28552654272471	0.741352431090104	21.0410298266595	0.669035323438007	6.30177294612091	0.723767431457829	13.1614562989263	0	11.1095736223319	0.366932470845	6.17757822350171	0.322031860232034	11.8778948736724	4.25241358783075	0.379666482501303	23.4905285562985
MarorCopia-10	MarorCopia-10	10214.1341916224	3248.94969319368	6978.6972023388	5012.0230903863	6809.91744419649	5293.22675720643	6002.37019850843	6766.22128050459	3579.97612658247	4163.16620883668	3586.7592119301	3476.88176727615	8354.1002126189	8832.48637860256	8941.04093400447	5244.94416102729	4742.6656609723	3013.22285282078	7340.0215590866	3376.72940539983	705.400769278767	6801.20271277238	1215.88557117402
MarorCopia-11	MarorCopia-11	0	0	0	0	0	0	0	0	0	0	0	0	0	0	0	0	0	0	0	0	0	0	0
MarorCopia-12	MarorCopia-12	26.491734701055	48.283442768959	22.9249262684535	45.7850426170316	21.6598534594843	48.1273956562649	30.606325079281	31.8983063153541	33.9335339274248	33.7093865552586	28.5803916679617	50.333958279188	21.9604783490021	34.1189123523682	18.6467936140573	30.2065654093293	19.868084995677	24.4009406602066	39.8084682687156	58.4997648631965	14.4197992196016	29.0767741487935	21.5018282817465
MarorCopia-13	MarorCopia-13	0	0	0	0.383722948162047	0	0.394248021759606	0	0	0	0.376220063507198	0	2.55174947816866	0	0	0	0.780333728030468	0	0	0	1.09507270850072	0	0.373330571421985	0
MarorCopia-14	MarorCopia-14	0	0	0	0	0.415677333205078	0	0	0	0	0	0	0	0	0	0	0	0	0	0	0	0	0	0
MarorCopia-15	MarorCopia-15	0	0	0	0	0	0	0	0	0	0	0	0	0	0	0	0	0	0	0	0	0	0	0
MarorCopia-16	MarorCopia-16	0	0	0	0	0	0	0	0	0	0	0	0	0	0	0	0	0	0	0.34654430744496	0	0	0	0
MarorCopia-17	MarorCopia-17	2.827663671051	2.99033965725607	5.7284800996999	10.151936761753	4.55057115070875	10.0588355252119	5.187518715561	6.47073339668153	2.0667877787512	5.68877105066004	2.17586855385453	5.51161726159254	5.04248438311687	7.73960088541548	5.08900161565018	2.21192992778093	5.113291380129	2.87027614620448	2.99220033380702	2.75962740527172	1.21601258713078	4.23233765223942	3.87312247437887
MarorCopia-18	MarorCopia-18	0	0	0	0	0	0	0	0	0	0	0	0	0	0	0	0	0	0	0	0	0	0	0
MarorCopia-19	MarorCopia-19	0	0	0	0	0	0	0	0	0	0	0	0	0	0	0	0	0	0	0	0	0	0	0
MarorCopia-2	MarorCopia-2	6.511869834354	326.904667158249	12.289368370954	500.291280436356	32.6709674541124	441.728236753578	5.674638008403	619.012384250015	8.35265110161777	455.961115527469	5.02264302600107	120.911367268454	5.42279035663173	526.907654823354	16.4210259664588	375.966284613459	111.015759920562	210.415335323413	2.41672132476675	86.655696904816	5.09221406428891	49.1807678325638	66.8947896689169
MarorCopia-20	MarorCopia-20	0	0	0	0	0	0.396390141190604	0	0	0	0	0	0	0	0	0	0	0	0	0	0	0	0	0
MarorCopia-3	MarorCopia-3	0.459880861248	0.850351124862047	0.362184041733465	0	0.796834673253984	1.27129192561973	0.621093586337	0	0.783601633175597	0	0	0.783642885243351	3.06099898245882	0.928067998001856	2.70294388724341	0	1.939674994242	0.408113120510632	0	0.392322412354823	0	0	0
MarorCopia-4	MarorCopia-4	0.470065964769	0	1.11054488366823	0.421591062003184	0.814448221778072	0.866162013102134	1.269488178833	0	1.20123550145159	0.413205665289563	0.722770138560168	1.2013030053636	1.17324974761648	0	1.18400139949437	3.00073772255105	0.79299817641	0.417087219042668	1.39167217685682	0	0	0.410287455815937	0
MarorCopia-5	MarorCopia-5	0	0	0	0	0	0	0	0	0	0	0	0	0	0	0	0	0	0	0	0	0	0	0
MarorCopia-6	MarorCopia-6	0.740147061069	4.79673716357442	2.33296399846967	7.97496673443034	2.56585081999583	6.48818883930851	2.502670125529	1.97678589628802	2.21024478871848	7.49674100081159	1.99431026317398	3.47331634605742	1.2320535780363	7.08783950191418	0.932593456033865	4.73009771148503	1.8742149012	3.61749729294547	1.37118082295989	0.948642320037154	1.11474424872189	0.646337091960603	0.968292838975968
MarorCopia-7	MarorCopia-7	0	2.5288144222473	0	2.45225234922634	0	6.3009750005547	0.230898631089	13.3727005967486	0	3.90973381426156	0	3.20448230853861	0	4.12683666370825	0	9.35011119858019	0	7.88847893765955	0	0	0	0	0.297796586725298
MarorCopia-8	MarorCopia-8	0	0	0	1.91691899729705	0.463117781898316	1.47648888835552	0	0.475150881757525	0	1.87780941867659	0.410732628699232	1.82019724119446	0	1.62001322100324	0	0.487294555278656	0	1.42198734477069	0	1.82226424176653	0	0	0
MarorCopia-9	MarorCopia-9	0.987919929684	0.316035320062788	0.54000706362822	0.308437249744591	0.31797521560359	0.671425237793329	0	0	0	0.297449943276683	0	0.581494971455745	0	0.445544619300891	0.826307466547653	1.0502303667455	0.278036395854	0.399391877670598	0.79651278967261	0.316907823479049	0.248178155084752	1.22231403712988	0
MarorDileera-1	MarorDileera-1	0	1.60914780058074	0.688001325007184	6.25539166392762	1.51503768439858	3.20773808603979	1.76247110984	1.55051558943845	4.44721672112463	2.29162026387075	1.33929806298802	2.22404419097467	1.45508956700363	0	2.2018197936404	2.38551211431302	0.736757511771	3.08962202369636	0.645153769858065	2.9668408611871	2.61327743688639	0	4.54304270585454
MarorDileera-2	MarorDileera-2	254.434304233341	300.304946042567	117.069658258833	397.407016682138	172.896304265967	818.313964515132	123.732486595438	850.395635495	134.530698356253	320.586917343302	61.325294624852	291.316000698842	123.139202971791	1134.76035843737	209.569909695089	802.803046484735	120.964149766398	345.148046892998	123.10618600109	236.906616547341	5.03573561918196	163.723678684032	350.762077057501
MarorDileera-3	MarorDileera-3	0	0	0	0	0	0	0	0	0	0	0	0	0	0	0	0	0	0	0	0.859776648585421	0	0	0
MarorDileera-4	MarorDileera-4	0	0	0	0	0	0	0	0	0	0	0	0	0	0	0	0	0	0	0	0	0	0	0
MarorDileera-5	MarorDileera-5	0	0	0	0	0	0	0	0.237003896015763	0	0	0	0	0	0	0	0	0	0	0	0	0	0.232314584322957	0
MarorDileera-6	MarorDileera-6	0	0	0.156256959004906	0	0	0.366527918041633	0	0	0.169476482277966	0.175048681133463	0	0.338939878954017	0.32994673299501	0	0	0	0	0	0	0.169771912103491	0.299304635888701	0.519354904994759	0.173280805225173
MarorDileera-7	MarorDileera-7	1.663100798958	8.48085797246863	0.43710122852694	20.4302202611708	1.20159141990301	19.7226233516423	1.501860325035	22.7268610401053	0.710558744523473	18.3432211163985	0.854648835726564	11.3688158531611	0	18.7011277412374	0.931765102615863	22.5455293678191	3.97990037508	16.2799202696321	0.616889804718149	9.25221308732024	1.25461755127675	1.45296890070586	3.39002334110339
MarorDileera-8	MarorDileera-8	0	0	0	0	0	0	0	0	0	0	0	0	0	0	0	0	0	0	0	0	0	0	0
MarorDileera-9	MarorDileera-9	0	0	0	0	0	0	0	0	0	0	0	0.162660423480488	0	0.191240062300382	0	0	0	0	0	0	0	0	0
MarorDIRS-1	MarorDIRS-1	33.311465985537	267.91164783327	16.8912758796018	374.53538063406	27.2784206203454	527.316062504663	17.87333867032	501.625272088766	20.2171223462554	359.102163348023	11.5791854273107	182.741079432912	26.1971423172254	635.845924654572	25.2880868063786	410.795407591079	28.100750582301	168.065141806535	17.5656256216883	196.991158551177	40.1397240645049	26.687273323742	176.041060481726
MarorDNAU-1	MarorDNAU-1	106.948176546096	55.3514476899275	118.535885929294	213.848072416035	109.118859858785	206.748151400744	127.416913093281	153.508467654341	63.5174835198478	129.085886650192	100.58919379995	110.257456713462	139.967383838752	114.454270468529	79.0778469698841	139.039507952173	48.160175579412	84.240175079379	161.435870374455	63.1428836641586	25.7789223692022	132.47359234527	73.1398589955731
MarorDNAU-11	MarorDNAU-11	22.939598089908	2.06203402361457	8.92985889737749	6.0460510287465	23.6698016099023	6.16661953676783	9.025501802464	11.988321966942	9.48898596253813	9.73550102561196	0	15.1925616865726	15.1591781584265	7.08816108911418	7.63639606602327	18.453760156104	7.644552714426	3.96121057509085	11.6318869638821	0	0	15.8768010775165	5.80572988160581
MarorDNAU-12	MarorDNAU-12	0	0	0	0	0	0	0	0	0	0	0	0	0	0	0	0	0	0	0	0	0	0	0
MarorDNAU-13	MarorDNAU-13	9.959378772186	94.8376206077191	19.0478936992607	84.9570173240833	21.2165703944221	111.677256774741	18.836489153069	176.995360381461	11.8754969599395	153.025476690181	7.22689658970968	23.7842813256154	20.3598381540509	68.8663769367377	8.2005804477284	142.769045726287	8.159678809494	87.0313746415311	17.5232965366734	31.5181214177174	0	12.7724694266658	12.0709441083121
MarorDNAU-14	MarorDNAU-14	32.927400788283	28.6152762007777	10.8262245739642	100.622411060287	8.02672938762913	199.610042927665	5.955161267923	91.8373143595562	22.5389631700195	76.4798798779528	20.5503113086937	48.9043422369847	19.2536225081342	64.8737751213297	11.6336558699333	110.722175175064	30.912664926105	58.9454556254348	0	157.005519122229	49.1974732540968	28.187982152891	19.0985100295191
MarorDNAU-15	MarorDNAU-15	12.236887200366	6.58454902343591	11.4215683647161	25.7573388323947	4.20616676169703	21.8796758217711	8.004896597712	46.8162213236832	0	28.9985616121038	10.991501160353	10.1064282200023	12.1224788356036	15.1507247706303	4.07054921595214	26.2067780152934	4.073689779216	14.758032171972	7.07863866576576	8.0657855674678	0	6.34728169454447	8.23718894955824
MarorDNAU-16	MarorDNAU-16	7.725166693119	20.7442308122778	40.0262465629518	65.4008761548676	11.0582368681403	25.2748515732747	36.984737235768	42.4806246681735	10.6046973829007	28.264136217894	19.2421019666917	40.328574754999	10.6237797012601	0	10.7006966024914	48.1875433758326	17.130106035471	13.2846833762041	14.8737122332474	19.0529302638268	7.44537951901055	15.5733739161089	21.6204693809716
MarorDNAU-17	MarorDNAU-17	168.144495356988	100.195004493372	174.138936430829	291.874243787495	103.113982944631	235.438097403926	187.905391628318	189.823386945414	138.287852261937	143.967105873042	107.562063475051	120.823212762918	138.690185125004	63.495576917227	126.379435781827	228.08650811192	86.499906821709	160.418422839281	196.340791645211	61.338502709	57.7779375751462	165.949531502748	212.546756412863
MarorDNAU-18	MarorDNAU-18	0	6.46437216185275	0	3.17577143786272	0	3.22229827245078	2.355802927877	0	0	0	2.70339567373611	8.92619814740578	0	0	0	6.46480573596734	9.089609843772	0	7.85039217865045	0	0	0	0
MarorDNAU-19	MarorDNAU-19	0	0	0	0	0	2.07721647469992	3.040170099799	0	0	0	0	0	0	2.38921343070478	0	0	1.931692847118	0	0	0	0	0	0
MarorDNAU-2	MarorDNAU-2	1.874569638375	22.0453751208877	1.46328033145376	57.9135416963809	4.84389704623222	64.2349184961498	1.237422324915	68.9009614167491	0	62.5486755673045	1.41395931975824	37.4879789470835	0	23.0596630719461	1.56322614578713	31.9815992904844	3.132336462615	42.3433024294954	0	17.1585943294885	17.8425634827122	0	28.6703245405787
MarorDNAU-3	MarorDNAU-3	0	0	0	0	0	0	0	0	22.5533296859664	33.6900352626167	0	11.2535100100868	0	18.3654747556367	0	25.0313862391807	0	0	0	0	0	0	0
MarorDNAU-4	MarorDNAU-4	0	0	0	0	0	0	0	0	0	0	0	0	0	0	0	0	0	0	0	0	0	0	3.43900141310344
MarorDNAU-5	MarorDNAU-5	10.85895465876	4.67812824655225	12.4378299596189	36.9263945599782	23.0607917964433	32.6018568433184	40.805426645753	45.8033557954722	12.8830181132864	39.2631587627165	15.6961425320351	30.1041509593503	17.7587956149947	46.5285292968931	26.7492696403495	23.509237524116	22.215889077378	8.99351786149797	19.0430403106859	4.26397456256321	3.73396136261027	41.7136275194012	17.4511519866925
MarorDNAU-6	MarorDNAU-6	18.132586130718	23.6942502479711	20.8901313242978	19.4374273210403	27.0905453930795	7.87305918351013	31.644143305628	11.5746028265484	7.2585599730599	18.4940545610178	16.5388968746596	10.9028612292117	44.5598488297463	4.7992131457096	14.9596075759499	11.8843370107056	14.910974284347	7.59200234415137	3.20594858022438	10.8374323272515	0	15.5346848450339	7.38213450233238
MarorDNAU-7	MarorDNAU-7	0	0	3.14589326491398	0	0	0	2.606705949449	0	0	3.35601484116179	2.99418902908898	0	3.35102013794995	0	0	0	0	0	0	0	2.87553947166912	0	3.34635603582835
MarorDNAU-8	MarorDNAU-8	817.15833788445	720.99081594128	552.456027211719	1208.51955332744	557.801383887864	1473.62769546822	507.026118707052	1690.56618127491	408.332387464316	942.645810654917	311.825148652808	1013.68351190246	636.305835232983	1342.94208426759	646.21343209562	1572.56916665855	459.761841533121	761.038392454044	582.190268066335	861.706057785511	161.902913914902	549.637960225268	389.703037500815
MarorDNAU-9	MarorDNAU-9	0	35.6441628530705	16.4047417348252	0	19.0642924188933	0	12.634266812895	0	0	15.9372793347745	29.1269922112214	0	36.6994306279459	0	0	0	0	0	15.2025431755514	0	13.959464988133	0	0
MarorGypsy-1	MarorGypsy-1	184.006923637833	127.758815738968	108.226726150732	192.960970877022	111.452426982695	273.102211876249	122.327118855816	306.717517638247	70.4729881126893	191.146668018565	62.8293342596945	130.351433369989	132.892967487345	355.18628474491	153.479917264795	267.047611871006	79.319783728233	154.711951318894	277.480703445285	151.031278072995	19.4786760157095	320.156943766719	72.1377996540471
MarorGypsy-10	MarorGypsy-10	0	0	0.506193626588457	0	0.278332131111392	0.593012181834407	0.434624434237	0	0	0	0	0	0.534586331470396	0	0	0	0	0	0	0	0	0.280457544901496	0
MarorGypsy-11	MarorGypsy-11	0	0	0	0	0	1.71691375860728	0	0	0	0	0	0	0	0	0	0	0	0	0	1.58423751216725	0	0	0
MarorGypsy-12	MarorGypsy-12	0.288538046271	1.02180419557685	0.469333799582715	3.64772945427967	0	3.87660168755312	0.198848656307	1.10865848546689	0.537747139034547	2.13739790296477	0.232091544830696	5.16975664518351	0.248319732811255	2.99096103840598	0.253311268998507	3.55462240471456	0.496025582502	1.30274587184221	0.444973068219665	2.9668983190351	1.11114276762189	0.259331622871592	3.56653701525357
MarorGypsy-13	MarorGypsy-13	0	0	0	0.792752224247378	0	0	0.199095431822	0	0	0	0	0	0	0	0.247088083974494	0	0	0	0.654275966065037	0	0	0.256868169765871	0
MarorGypsy-14	MarorGypsy-14	0	0	0.649303254679455	0	0	0.693048163837307	0.371839475623	0	0	0.362816045618794	0	0	0	0	1.15342422709431	0	0	0	0	0	0.414170550002586	0	0
MarorGypsy-15	MarorGypsy-15	0.248641130061	0	0.196081191826627	0.894266512298169	0	0.22986439234777	0	0.221666436629778	0	0	0	0.425115961238275	0	0.250300362400501	0.417967315716836	0	0	0	0.184518667316446	0.212916001907361	0.563018284121437	0.217255696844761	0
MarorGypsy-16	MarorGypsy-16	0	0	0.57721647810196	0.349823967510592	0	2.73108391679927	0.332392151896	0.652135220823348	0	0.322594832608362	0	1.82440699074747	0.609658090362171	1.84583133030369	0.307651742994615	1.6719018067701	0.618286373814	1.10473116779342	0	1.16884173434049	0.551641542122448	0.319828629591775	0.835482380425836
MarorGypsy-17	MarorGypsy-17	3.714035919282	2.42748868252101	2.71272625298901	5.57411222292193	4.04171690131921	4.96787105617803	6.627014115666	5.89492240753411	2.59262975410989	2.79810557123591	3.38984895480417	2.00180779180801	9.28521842181214	2.21193808700442	7.93509889833987	4.7825647393798	3.254821087473	3.55599565745522	15.6406268866461	3.89324143569632	0.832021485371168	7.2124524458465	1.68745417775169
MarorGypsy-18	MarorGypsy-18	18.725827864986	14.3108050917758	11.6422688502265	21.0040545013736	11.8449989592812	27.5071449167535	9.110175462976	40.2758393568317	10.5517472793594	18.8766762193794	7.64776285527694	14.1313697087344	18.5302631727764	43.4540852605869	19.4451193789889	28.2051518443486	11.168588712312	17.0709804721153	17.662836773211	29.6331087786431	4.82483342545618	17.1344569732746	8.86181181600886
MarorGypsy-19	MarorGypsy-19	268.400948764194	309.755509131849	152.719836635693	359.222966051889	188.64256224179	633.465486673148	102.145710589342	498.07617824733	121.121973902891	292.617577966945	99.7986279241574	220.643969205913	156.624218405086	720.22013387314	196.662929378007	604.782360350621	141.577128240942	287.46615359049	151.156429931279	210.728812822672	25.0895374233379	176.369639549205	204.726158408405
MarorGypsy-2	MarorGypsy-2	0	0	0	0	0	0	0	0	0	0	0	0	0	0	0	0.263724009446003	0	0	0	0	0	0	0
MarorGypsy-20	MarorGypsy-20	0.276609777075	0.1285102124701	0.218289728356472	0.373544808458845	0	0.64039796497236	0.093884399154	0.246914383279753	0	0.489473170579696	0	0.118442443799355	0	0.834348797301669	0.232616197920465	0.253187841304582	0	0.123338153896493	0	0.118667195807644	0	0.120912043198047	0.121117916700121
MarorGypsy-21	MarorGypsy-21	4.092324154776	6.79630107768143	6.45586195578281	51.3407223276608	3.54895146123774	57.973856918959	3.212541441956	24.7798896393812	5.52696588979168	45.8571536209772	6.48052500985744	84.1913793524396	3.22875781843031	50.0676521625001	3.07804485301816	38.8047384654302	8.553696663612	26.2837083920041	3.03815687624689	67.9137834838803	26.1905815855478	5.64685109706092	57.6392205681076
MarorGypsy-22	MarorGypsy-22	1.009916488836	0.933048221527469	1.98786079901209	1.81081766939648	0.874777878583374	3.25484077729775	3.407370272082	1.7954074485402	0	3.10502457822605	0.776049342858328	0.42991942140629	0.42005500628274	0	1.69556340482739	1.8412734458649	0	1.79123948288216	1.8679394858764	0	1.13787539113386	2.20333774840276	1.75745475097676
MarorGypsy-23	MarorGypsy-23	2.084076687735	4.0860977514424	0.530262022046288	2.81932512955052	2.26096253269731	3.16766775382283	1.414413274176	2.44407051009356	0.585784992820971	4.32256427795707	0.594140394725783	1.85754273032157	1.04673930220886	3.16376493820633	1.16279434444433	4.59499383355636	2.274056450421	0.235165831426941	3.04578913831886	0	0	0.959055792327153	1.57420939252657
MarorGypsy-24	MarorGypsy-24	0	0.299390480968904	0	0.290304443129704	0	0	0.218694484456	0	0	0	0	0	0	0	0	0.295169500730964	0	0	0	0	0	0	0
MarorGypsy-25	MarorGypsy-25	0.274961417922	0.638730220669529	0.216990006298481	1.11396686815404	0.119264496120596	0.891225771346109	0.186652334729	0.613613290875386	0.235490430690174	0.364923150914633	0	0.470952707550413	0	0.829369163401659	0	0.251681376754067	0.348685689108	0.12260468148549	0	1.06165589627682	0	0.120191977017668	0.12039790455012
MarorGypsy-26	MarorGypsy-26	1.037868054408	0.976719783718163	4.8430516675881	4.11143478414309	2.47860121941439	5.3972931864886	2.020390800974	2.21039097133979	2.55535779224334	2.58530758128665	2.0345804717061	4.40689373541222	2.54860137219635	1.498669097403	2.43337457270287	1.65154989772585	1.468378370991	2.64693926245659	1.95993184783312	3.02849429546691	1.39079668064261	2.44292107929544	3.004026721578
MarorGypsy-27	MarorGypsy-27	8.505229514211	6.06126281056157	9.02461120600483	7.34676237935142	8.22320052815512	13.5923901550774	6.419922279225	9.03252564274497	5.58599698672697	6.92063343817163	9.57544337131073	4.46882670932341	4.62931520323411	3.29593322330659	8.79501106579759	7.76868775638682	3.866770208373	9.5992588279334	6.79094744402663	5.03513818618489	0.73963078631326	12.5717970164824	3.14073218827814
MarorGypsy-28	MarorGypsy-28	0	0	0	0.991433484167875	0	0.323064338377677	0	0.983005708753017	0	0.365479674388061	0	0.706874734088121	0	0	0	0	0	0	0.204564853139386	2.12408524369763	0	1.20452373865038	0.240892282400241
MarorGypsy-29	MarorGypsy-29	397.34381228202	142.171416644117	190.399197974147	393.197444740118	239.154428505055	489.221871913755	164.363674764569	723.414493673641	143.442585084541	229.744945145514	125.383629580812	246.399211531351	204.426967646331	855.549463896011	226.296119697531	516.979799386121	131.790219006501	248.605789628569	162.885698223698	237.137520604329	32.978987885538	204.740502647844	106.708236046607
MarorGypsy-3	MarorGypsy-3	1.278856246563	4.75155306830574	0.378407347431351	16.6903775492083	0.41598950342608	23.6782044515313	0.325428845392	22.5403070211975	0.547437457238431	20.6410577159693	0.12342199064437	8.62169227140687	0.932119232025204	32.9570140301659	0.268836720618538	28.6720508986381	0.94587638838	7.83811400658635	0.475029620129575	12.8879847427533	3.14243820720586	0.419217407076672	7.97649721743298
MarorGypsy-30	MarorGypsy-30	0.431157693501	0.400106147815199	0.964723501991247	0.406873398011137	0.920916373755605	0.199384200338801	0.292285691341	1.15348713459885	0.368762724115575	1.5187361053181	0.665207677181996	0.737501504923213	1.07370091180878	0.650758821701302	0.393643643736787	0	0	0.4499014648618	1.19107101093143	0.629288627782112	1.78971421446121	0.941905709705772	0
MarorGypsy-4	MarorGypsy-4	8.796435790176	41.9654440085672	13.1103738695682	222.336631118841	13.60821649603	191.869206179673	1.27509004028	18.1136902128679	2.64273052431129	79.1035475430349	10.6370103796139	178.941557616275	9.14385491438457	98.9620698826979	5.53287250836506	78.8035675778719	7.157938560435	7.26408687721206	15.8212473130375	99.9478927931642	79.5214456735485	12.0637669364402	87.7367007253877
MarorGypsy-5	MarorGypsy-5	692.55842891643	584.848491122051	439.75034830278	1445.18511474435	501.868466957309	1535.49328142306	425.902965976376	1280.5595903639	401.783177888577	1037.02078674706	316.378194587167	970.104746501804	379.280260668894	1410.28396851772	578.191017461188	1294.73243285851	393.013127972415	1006.65024235243	365.675602763736	918.950466619707	130.857642001312	513.015839686383	521.623073987097
MarorGypsy-6	MarorGypsy-6	0.740453668434	1.03131214497378	4.429049482139	2.98193640751307	1.93856676921469	4.7966845332572	1.16117098104	1.65158527845035	1.10896556713669	2.94957096923037	2.57180938282972	3.64358707589793	2.62416353717213	0.931129129001862	1.57642043634315	0.846788635960581	1.720990969098	0.768243178544073	1.45146875559465	4.85518285616144	2.51914110232848	0.970823821900211	0
MarorGypsy-7	MarorGypsy-7	0	0	0	0	0	0	0	0	0	0	0	0	0	0	0	0	0	0	0	0	0	0	0.153571619575154
MarorGypsy-8	MarorGypsy-8	158.023784443806	41.1185392749372	115.518815399503	52.2216822348505	106.754915136843	69.6476342060424	85.378584065236	77.4721837378625	63.4733631878373	48.5885018640774	75.6035525994208	29.3088364545099	84.8872333182534	63.9174631222278	109.537227125463	70.0614597945594	68.605326819522	47.241183107086	122.012427331392	32.7260241798938	11.044288877884	113.491520633644	32.2573583181073
MarorGypsy-9	MarorGypsy-9	0	0	0	0	0	0	0	0	0	0	0	0	0	0	0	0	0	0	0	0	0	0	0
MarorHarbinger-1	MarorHarbinger-1	5648.57323514191	3121.93643692836	5621.56478841584	6350.46908796452	4935.4484499848	6879.89411570491	4706.93352545247	7106.29137193022	3303.8252264337	4845.26736384354	3448.29698894708	5079.27419059045	4605.3211225404	6584.38088043017	6466.47786930642	5571.82899868478	3291.99238839017	4084.80996534293	5932.10634270746	5225.58090314246	1278.65977576117	5705.67179299906	3136.72159284369
MarorHarbinger-2	MarorHarbinger-2	400.107835742103	114.295650695626	203.805103476739	285.372975240827	161.570031310143	337.374922965762	192.258094274862	374.555537718803	76.5341286738686	195.84861216835	138.926643931717	146.134948823878	208.215883152391	276.935528860754	185.649124430129	344.318477138767	126.013802156019	226.792462071852	180.885213328361	116.80876146277	18.0639102182519	115.689825479832	49.1541741886742
MarorHarbinger-3	MarorHarbinger-3	27.837667194579	0	0	7.64788069995277	0	0	0	15.2634561585147	7.08766325527995	7.12599466147645	0	0	7.58717941218124	0	0	31.1807409641422	15.068942748009	0	6.35527724709693	7.00251946185899	0	0	0
MarorHarbinger-4	MarorHarbinger-4	4.475794574412	0	20.6330213075216	7.68135617900793	7.64381155076522	7.77977333175322	14.213804703049	11.4351057408526	0	7.31145038958601	19.6097013131648	10.7739255090073	14.677926697008	4.73522106150947	0	19.5748963016458	3.681904738431	0	3.1673823443845	0	3.13300140188387	3.83553684518919	0
MarorHarbinger-5	MarorHarbinger-5	1.424833843194	3.28038665344104	1.12035840405416	12.1064853243385	2.46624396070933	10.4626390487015	0.479113421815	25.9019757872221	3.02235468740673	33.0343880289676	0.545891429321638	3.62733302210388	1.77644308677067	13.6965109353274	0.597441764443195	3.88766279016464	0	6.29807991047819	0	10.8906782693913	0	1.86325550855377	2.47050300640247
MarorhAT-1	MarorhAT-1	118.530364023225	34.9403025374664	84.0397815414777	72.4877587134887	82.4306474593852	83.5433417174705	78.852784211341	118.998378377383	52.3126714161052	47.7895105461598	62.3137346235189	39.3082905646269	74.1567262162735	115.495030341331	110.056756675528	89.8610589958768	66.140202126279	35.738716342288	121.364155260407	72.3985428327708	7.47683850651452	94.6494963883057	22.4156872588224
MarorhAT-10	MarorhAT-10	268.252716643164	186.027586497893	163.496074080554	397.718702616766	147.432118701153	457.624398477657	109.733687798602	326.217791506818	110.593707705869	307.737786140901	109.897429222018	272.651216050056	115.576011539257	348.986614159198	140.77608717183	241.098283290967	81.379067018802	174.917319802712	139.211073489729	159.783972407197	73.4287134395116	137.950305972039	100.974764850951
MarorhAT-11	MarorhAT-11	76.104935548119	82.6122806846587	138.62421582806	536.932178719235	89.2663480026293	362.205846769287	36.103189556581	68.5945535366274	87.2993664425634	200.887342457872	69.2228600790297	311.691860310235	66.1825959717455	297.911513464496	133.293877912071	144.990692510865	113.276946491802	87.3582685554634	30.2019193240494	181.29098000186	115.760592253015	97.7039675193452	127.355571622527
MarorhAT-12	MarorhAT-12	5.003153683965	0	22.9618310897713	4.26625146643309	4.26239043929531	4.31409366261369	6.306250071842	8.46595215405353	3.97577584911629	4.04428343509789	10.8882579623687	7.96240121691289	8.18159844887145	10.6475850032213	0	4.34497018490787	4.098457968057	0	7.04055654916488	3.95537973924013	0	8.55174342456305	0
MarorhAT-13	MarorhAT-13	0	0	0	0	0	0	0	0	0	0	0	0	0	0	0	0	0	0	0	0	0	0	0
MarorhAT-2	MarorhAT-2	0	0	0	0	0	0	0	0	0	0	0	0	0	0	0	0	0	0	0	0	0	0	0
MarorhAT-3	MarorhAT-3	45.456984462267	13.1038893764243	7.72345112839194	55.9567698142799	4.30212054364351	69.6326468500954	9.542701026607	25.6265133585664	8.02157197641274	36.713959392541	21.9707320245939	36.1467954339914	16.5159594290545	53.7750774494075	16.6296677527833	35.0724833284375	24.81727205445	20.996981815825	24.8635630123954	27.9245136431762	0	8.62997539984917	150.829247457776
MarorhAT-4	MarorhAT-4	464.758479799587	443.378552568255	537.440121802332	875.830579855777	405.002117577443	1313.52324154391	639.192343656965	934.782183357611	228.704116307695	604.054703990887	317.743537926803	598.673948011928	735.175797379555	960.534377255721	533.373579948035	746.823379276345	357.694025710845	512.870355855242	618.033510987464	287.023845139983	176.584326286128	473.642591759011	199.126630513999
MarorhAT-5	MarorhAT-5	67.708013763816	66.8665001119229	72.8130163326603	61.9481080540996	38.5388617038647	74.4963049956435	74.498422691308	61.4812116463505	54.2231679068313	81.0554053358681	75.7736946227213	61.5373960838516	77.656864487383	66.8876762475338	74.486104952621	51.2956064414056	51.972683019105	26.4660756640909	73.4387527408087	10.7947118678916	6.31517062759168	77.349854925968	14.7060044194397
MarorhAT-6	MarorhAT-6	70.163857914345	18.0501273978336	66.6894876546072	31.9779290776572	42.2700693621714	25.1935999458288	68.391643272218	17.6117742881304	23.2300058736422	30.4757114718585	21.1521410218055	29.9046229257507	40.5967299140862	30.3789916267608	40.8578674308757	25.3184097235386	44.155582101426	24.2875115427662	58.5412526353354	3.30509650500208	2.9014562244541	53.0895525443181	10.1300345250601
MarorhAT-7	MarorhAT-7	0	0	0	0	0	0	2.894036434254	0	0	0	0	0	0	0	0	0	0	0	0	3.6340502467451	0	7.81638859270307	0
MarorhAT-8	MarorhAT-8	0	0	0	0	0	25.1687600142948	0	0	0	3.93561020786089	0	0	0	0	0	0	0	0	0	0	3.36687371567063	12.458820823365	3.93256762305393
MarorhAT-9	MarorhAT-9	4.57218370557	0	3.51085461229142	0	3.90284716269551	7.93650266307306	2.899848121688	7.77967148076022	0	7.4562068365986	0	0	7.48952276074953	0	7.54298081990709	3.99396379653387	0	0	12.9287418403332	0	0	11.7493128695125	0
MarorHelitron-1	MarorHelitron-1	83.261372963697	292.107232029181	65.8090197748694	728.517900227578	71.7207800251316	734.854529562262	51.25430759407	922.577371713117	40.2439540217401	542.004795096851	59.2693864178398	311.207887132167	88.8121031406376	1126.18822596215	108.352600924813	587.21332779367	87.032609622135	556.082142333556	84.7786297360807	481.694076747115	97.8665918669531	75.9277350666433	220.904100130671
MarorHelitron-2	MarorHelitron-2	402.952221873738	888.097181178287	388.163515655287	1713.46765384232	410.832856882258	2053.83176587006	337.596030625819	2296.11180639373	276.430613174521	1540.01887865496	281.845711971762	1266.26004645786	604.876277299305	1713.92477001963	440.497627246781	1620.15525938199	344.237888817462	1243.62985640025	423.476951233162	853.710911891707	222.3420972564	455.970453454479	503.564238618329
MarorHelitron-3	MarorHelitron-3	574.344565983054	170.174154062811	459.749305957306	276.65177938096	393.125645502301	384.495523927933	487.219532598141	319.735600578504	274.5506343686	234.593554533279	222.938523597727	179.145041907343	460.560079157938	267.530463382735	497.06219145265	274.988352294518	255.770958829959	180.545317288125	565.837041655467	128.232434177255	36.7385102689343	415.862103566378	83.7382683151587
MarorHelitron-4	MarorHelitron-4	37.909365124203	0	12.4123548924571	4.60469392434093	13.804067282272	37.1727094324258	20.354781253842	4.56930676752143	0	0	0	4.29046408667187	17.7143403343829	0	8.89463476145979	28.1430778528272	0	13.4583711888378	11.3983776458378	4.25477633021924	0	4.62330701852062	0
MarorHelitron-5	MarorHelitron-5	24.318152432154	6.21346579153651	15.7624131979597	14.6783305596175	17.5289213087556	13.1736898995658	21.886553863146	20.5837127923754	9.99654623115304	14.1850027210717	15.6023085349848	10.4011222614792	22.5936924733762	14.1743241350283	23.3257831721206	11.3417496525229	10.321314199281	8.59084677311836	13.7140918093429	8.87593110935737	1.17602589661082	24.0289523962863	6.82644602805683
MarorIS3EU-1	MarorIS3EU-1	33.158287657323	11.3335454335047	28.1268217848251	127.538635059895	42.9271630172496	61.5053618945665	10.11119024174	37.6914392806123	15.0760251507471	25.0577501809524	17.8341347206755	66.1268804514914	10.3080479824851	102.817972528006	26.5621210897911	38.6666513779371	35.90296349577	44.7388625823559	19.2200123668343	120.597478767742	15.3126071472837	42.0197872930981	36.7015118932367
MarorIS3EU-2	MarorIS3EU-2	2614.20692897778	1899.99523169629	1889.40789955439	3564.58004522984	1941.52713137563	4134.89541761848	1684.92976072098	5638.42465609577	1158.36532729903	3315.83566150559	1186.15061053764	3473.91889348408	2797.43754169676	4850.7630203423	2134.84157593239	4022.25926402587	1443.22775084274	2494.77336541295	2218.04877757686	3368.79315315391	526.011428497652	1698.12792655415	1473.75918256142
MarorIS3EU-3	MarorIS3EU-3	0	0	0	0	0	0	6.320050224327	0	0	0	0	0	4.1002805056757	0	0	0	0	0	0	0	0	0	0
MarorIS3EU-4	MarorIS3EU-4	0	0	3.9434458662804	4.39329279985149	8.78313458849192	0	6.490299297055	0	0	0	0	0	0	0	12.7129959825014	0	0	0	0	0	0	0	0
MarorKyakuja-1	MarorKyakuja-1	990.525659692203	1592.06855917073	821.205548579442	2391.79203564308	778.16678050015	3230.18924214405	547.661004500953	3827.84106305744	423.265882827	2896.45211484577	385.000161113237	1816.24166069761	407.89073546166	1864.47375096543	637.549691338923	1583.0208108581	467.169971601285	1302.1327652375	547.223516299483	879.079845102267	323.464543627336	493.586623412118	556.347586623131
MarorKyakuja-2	MarorKyakuja-2	380.980750841136	44.1692653721348	122.288888186522	68.5766568914745	180.873225123021	74.8871804839961	133.730435847582	85.4230038167306	124.661886173974	45.3959159348987	89.3952577842762	34.9751709256309	166.13409843805	91.7019409519834	227.393043161999	78.1677088604559	108.169265492757	28.8181011610353	129.263731512522	39.0964394501547	8.21418151611979	177.329117876933	22.7508948683728
MarorKyakuja-3	MarorKyakuja-3	0	0	0	0	0	0	0	0	0	0	0	0	0	0	0	0	0	0	0	0.124476610811627	0	0	0
MarorKyakuja-4	MarorKyakuja-4	0	0	0	0	0	5.65692290630934	0	0	0	0	0	0	0	0	0	0	0	0	0	0	0	0	0
MarorKyakuja-5	MarorKyakuja-5	326.620486620873	234.846224680143	254.453347617733	470.44384038702	207.423586078261	550.833955591968	308.108420374776	504.638348818571	245.218775516145	406.397984772321	245.318020133732	274.456561447837	396.71104372645	160.11853102492	270.131065837272	382.499177462205	173.61435781419	293.801996661053	392.678855709056	107.030327428587	68.6125201313734	235.277159215975	100.0354195479
MarorKyakuja-6	MarorKyakuja-6	1.457494735212	27.8652965877409	5.70343893144808	40.0703596433665	0	43.6470607751634	3.874080103789	28.1939214557138	2.44383653315767	57.8195263386327	2.21112616909463	37.8943634856767	0	35.6905250438714	0	43.3862841593061	1.221155693667	28.0310242054761	0	29.320061359892	5.37701495853362	2.53210714084758	12.4732416017125
MarorKyakuja-7	MarorKyakuja-7	139.40470881297	78.0280342215898	102.199552086587	228.268232233448	117.182953768675	275.334876288739	124.135246909492	279.121025528665	106.324330742726	168.352202693085	167.808699681133	152.375753112407	116.837113270445	137.374718315975	96.2297051031725	202.786432380385	76.288039505439	133.377924319884	95.3867970573788	127.799775935497	39.1739409352858	94.0639972215429	139.289424886839
MarorLINE-1	MarorLINE-1	58.875627051288	36.7491303149098	30.0097918860179	71.839736588694	31.0769891127974	83.6199288308034	29.863751789221	64.2548179872397	29.0927592354289	51.6986274930265	24.1105274695263	54.8518085419496	30.3120205930891	61.1730702189223	38.1164363750862	64.87596991993	23.633650557846	36.2693852789671	30.2902474853431	26.2619633786212	6.31099375728569	43.0493474574446	17.5465954765925
MarorLINE-10	MarorLINE-10	15.396626530872	42.3820287870543	13.3749366863544	74.065164262353	15.0529935176813	104.874346349282	20.282227076685	58.6778877860753	8.41745222550099	62.557604934215	10.329977410945	36.7011947142021	11.8277668108565	88.3700475190767	19.5633820187731	65.9396653102122	6.9965998752	42.4336893792047	18.1326451458936	35.0667938912068	11.8862473451701	14.4776812202187	27.1892264935772
MarorLINE-11	MarorLINE-11	870.758278561845	716.479717685009	491.063262067027	1615.91603037625	531.970899724757	1732.74787303563	387.050885098528	2395.99218872948	518.715614828662	1346.74835832745	413.127326529097	1104.43408066541	739.858913427693	2515.72744363493	568.87885550614	1486.47424030679	362.576210753793	756.390418060147	472.504538830046	1201.47529934205	194.319417703903	518.476779800622	415.547082658266
MarorLINE-2	MarorLINE-2	3.379552770663	1.56316595173506	2.66223113951337	4.16995305858038	0.73208082022166	3.50543388209049	2.28352129166	2.25517122844374	0	1.1150701674687	0.974956642186925	1.08041853469324	1.75764510790273	1.70432919370341	4.25719068029051	3.08361632768584	1.425784631259	2.6257254027235	2.18994060176643	0	0	1.84403627795783	0
MarorLINE-3	MarorLINE-3	0	0	0	0	0	0	0	0	0	0	0	0	0	0	0	0	0	0	0	0	0	0	0
MarorLINE-4	MarorLINE-4	5.763405285945	7.6715581155453	3.69028233728217	12.9389144725384	6.55615942392378	18.2839495543987	7.065492370405	16.6775448675893	4.30339529374736	10.1542919850163	5.26960666149581	6.76260024569929	10.4936288932165	22.510010592145	7.56489813344113	20.3916597637102	3.040665006573	6.40297456328461	7.74185561138778	4.00195478644799	0	4.08944588920731	3.14218628927814
MarorLINE-5	MarorLINE-5	200.971384828344	124.342260011875	95.3017301865589	188.241208569869	113.856493736147	214.242993158051	74.761874581814	257.970190929658	82.4315708342888	119.430889554982	70.2229362134187	161.350118012779	122.514306227672	361.885310761524	139.343897045265	231.004434122978	76.697571737883	90.0724105302243	96.2186409699284	192.459246312683	23.8577331315511	113.067637918491	80.6770764096807
MarorLINE-6	MarorLINE-6	1.770754056579	6.50544643765946	0.695421683977132	8.69350981981334	4.59422924217497	16.2102784027228	2.37508474133	14.8880396208931	0.749126846109011	10.0362093748673	0.676824326822031	10.4898656960675	1.47081622734759	11.6688933042233	2.96746383058193	9.64452610941587	5.957600436	7.0260392853041	3.91246451569926	5.24740111404826	0.66028734462534	0	2.2957777733023
MarorLINE-7	MarorLINE-7	15.871682988045	98.5350217974712	17.9645314803663	186.333454966632	15.8965575495785	277.72372559853	9.372557611207	240.304431520452	13.5141326854018	119.401875774807	12.1977630713086	109.38714032489	11.1404521227146	354.97486571391	14.1569408405323	218.406839884673	5.856087300294	114.378297218061	7.33984355355398	106.13661019005	21.6118849929144	6.06004178339902	70.3554310049954
MarorLINE-8	MarorLINE-8	0	2.03528047990975	0	6.57954915599988	0	5.07126277019993	0.49555271724	1.3047188494307	0	2.90434867083927	0.282063452580846	0.937839701440814	0.304934132199085	1.10788269290222	0.307757762436616	1.3379812885982	0.309249656514	0.976767743831907	0.814507894630557	1.87841380882236	0.275915332097724	0	2.55642946790256
MarorLINE-9	MarorLINE-9	8.914544923806	2.9718220974312	8.14937278665296	5.12360789100087	4.63583483386218	9.54398449359446	4.341527780926	15.5576134154344	2.73874361855714	6.28290553093494	1.92195963701977	4.56464921180369	5.63919962841108	7.18780909701437	8.08787620757817	9.11667465521969	3.010089089322	3.48632948040495	9.51411524726346	2.74283368491977	3.22313697108578	5.91673879120727	0.933213278800933
MarorLTRs-1	MarorLTRs-1	0	0	0	0	35.4975052038985	0	8.193414158356	11.3591074363626	0	0	0	0	0	0	0	0	0	0	0	0	0	0	0
MarorLTRs-10	MarorLTRs-10	0	0	3.3137922200528	18.5220091801562	0	18.7480578625403	0	0	10.3713315126345	0	9.44762741871434	0	3.53035159770541	4.54344146130909	0	7.5418756582405	0	0	0	3.44219480824967	18.1276144305719	3.69238885448582	0
MarorLTRs-11	MarorLTRs-11	0	0	0	2.75914110260463	0	5.60969098245739	0	2.73536582246326	0	5.29616152006241	0	0	0	3.2992822525066	0	0	0	2.70321120055181	0	0	0	0	0
MarorLTRs-2	MarorLTRs-2	34.387473149244	68.5252532142623	74.8757202682659	27.1945761332996	28.7793874372519	66.4221390092126	58.966476556603	218.856775289495	0	24.8091644740847	45.2412450050537	74.9254570459648	69.1487458585166	249.596443136199	0	55.6335446976191	68.426987978967	26.1133823715415	68.9446558068382	24.4284747236267	54.4641780295285	56.7195527520822	37.8921561582129
MarorLTRs-3	MarorLTRs-3	0	56.8098753978583	4.19279041489265	9.34427921259389	18.6726018252344	9.42531542706558	0	13.9088651977781	13.0366619861426	22.068221381693	31.7670442228333	43.5196339023416	13.4883413260475	41.2587142817825	4.51437835110903	52.3526726471456	13.496433278361	0	3.85506824522343	150.980474477187	120.888936725597	0	35.3157612497603
MarorLTRs-4	MarorLTRs-4	0	0	3.45300310511383	0	3.83782934492919	15.6212440070364	0	15.3083062526927	3.60058959308879	0	6.56268721188569	10.8165719486445	3.68402695546495	0	0	39.3071359264148	0	0	0	21.5046537618555	9.43573596032656	0	0
MarorLTRs-5	MarorLTRs-5	11.225224473003	3.29139534568496	0	0	6.39679647543098	26.2507585266228	0	16.034351418162	0	6.18307766159135	0	6.05967081999618	12.2869424364471	11.7520322175235	0	13.1702841794097	0	0	0	144.755215634038	5.2968705052147	3.21455318451014	3.08077259517808
MarorLTRs-6	MarorLTRs-6	0	0	0	0	0	0	0	8.20959757399379	0	0	0	0	0	0	0	0	0	0	0	0	0	0	0
MarorLTRs-7	MarorLTRs-7	2802.0386902909	1391.71193272651	4317.24583942945	3503.81340275935	3563.05543407603	3092.49831985961	9112.90984633993	3597.03628805194	2896.27692826183	2405.49989697128	3710.87912814253	1350.05752825158	3273.95859707289	1555.75013129551	5718.68449867133	3929.49477099563	2847.97515085342	1878.27735199221	7223.66610605536	2007.78295581128	733.710237152719	3926.46820473927	1032.99756104786
MarorLTRs-8	MarorLTRs-8	0	0	0	7.21333878644411	0	0	0	3.57544842748642	0	0	0	0	0	4.41174088230882	0	0	0	0	0	10.0610048796538	0	0	0
MarorLTRs-9	MarorLTRs-9	0	0	0	0	0	0	5.270496362201	0	0	0	0	3.32880763280299	0	0	0	0	0	0	0	3.31109089679007	0	0	0
MarorLTRU-1	MarorLTRU-1	279.959507455491	136.356436637457	229.453888070534	298.275064540541	225.821767747308	374.054972605317	194.150083901025	296.694760994341	136.811983053371	202.132646205218	123.109977405839	194.608863269329	243.281023962382	322.657569820745	241.081116968042	269.18336090098	149.862226623327	122.135260035388	180.537287358522	140.72180138317	47.5448789624915	222.897965557952	88.8912304426639
MarorLTRU-2	MarorLTRU-2	0	0	0	0	0	0	0	0	0	0	0	0	0	0	0	0	0	0	0	0	0	0	0
MarorMULE-1	MarorMULE-1	0	0	0	0	0	0	0	0	0	0	0	0	0	0	0	0	0	0	0	0	0	0	0
MarorMULE-2	MarorMULE-2	7.953035840739	5.2432165282343	7.15340115812193	16.7944117969324	8.36283260260582	19.3356938303707	5.744012961141	17.1560354870208	4.83127678341503	19.9361661538071	5.66992093107101	22.7090472861431	6.14173338324558	6.31281863241263	4.76727744894353	10.3498329660306	6.225023778513	9.05941398850824	3.77970482297866	9.67378345095098	3.40953227665759	4.9559510241911	2.96240416752796
MarorMULE-3	MarorMULE-3	0	0	0	0	0	0	0	0	0	0	0	0	0	0	0	0	0	0	0	0	0	0	0
MarorMULE-4	MarorMULE-4	12.996538602048	5.75812118821769	5.0293003328108	11.2971492496706	11.1315853169737	11.4809539136805	6.296943638503	11.1997684937908	2.64809745344522	8.12710860743069	0	10.6027600726888	0	3.38309665880677	2.69164734892138	5.74856233672308	5.379158582256	0	11.6381965527041	0	0	0	2.6972373898277
MarorMULE-5	MarorMULE-5	3.743053131852	2.87648295810986	4.90805931556964	13.9631706843567	10.2619126933583	10.8945164256811	4.621619555462	12.7367325022513	3.18046233888983	8.74781289761665	4.78599555697836	7.42189050326627	6.22448302035333	10.0899583942202	7.8508012820137	6.81531054545117	5.782223729334	4.97019170916788	16.5920137992352	0.530647043170408	0	5.9851025739461	1.62502478710163
MarorMULE-6	MarorMULE-6	74.887003789191	89.1081125923562	77.5063176560075	111.490385151326	92.8292796631551	162.857407379298	79.424938644065	189.825687442404	38.7151243933204	104.989549751396	113.690663195253	66.0980455190423	61.7436099546228	112.020521093424	64.482504674517	147.974723361357	57.581892962415	68.9585378879928	105.890914860645	65.9015293739823	23.971643816964	76.608172733373	44.0978903761441
MarorMULE-7	MarorMULE-7	0	0	0	0	0	0	0	0	0	0	0	0	0	0	0	0	0	0	0	0	13.6041736368584	0	15.8444760490658
MarorNgaro-1	MarorNgaro-1	1018.68975884684	377.864890343046	493.511038255945	621.857632273665	542.124332202216	755.721504138972	398.528044805898	854.560593856965	379.667276721475	487.573718084158	284.944627349643	334.99035361246	498.990059748599	954.296388573009	697.543866229677	631.583947936075	327.521136926007	413.026765194911	613.838102209757	306.956883696111	34.4725728020595	589.271144871361	218.915719106094
MarorNgaro-2	MarorNgaro-2	1394.01680264266	314.371070526534	662.568112993074	783.386815477943	655.675152884653	853.969370402481	574.79544833326	1023.7710994963	508.200889011703	459.60661802265	468.207434364661	359.771736799209	731.364981491722	994.362786962889	809.728759651097	719.12154017572	391.76838545028	433.105019593711	706.706478616823	189.980474128758	28.4045712520426	717.643913433805	142.826990045168
MarorNgaro-3	MarorNgaro-3	396.825511804596	81.0805776540624	170.743699428329	124.112241416423	247.529694137149	154.594528087773	124.370854849535	136.955635982849	113.704643980285	116.366123158708	112.272459636591	90.6411292727679	235.813127677301	170.850354972942	300.690783409201	115.765243994761	139.820006619558	101.510192239624	235.612997396057	46.1987341095894	6.88147883733812	244.087880519416	20.2570881430703
MarorNgaro-4	MarorNgaro-4	38.413836547524	36.28850579629	17.6543651300064	59.2625707523315	18.7244841713986	100.753213693359	20.555748171623	80.4813367745135	8.18972868607572	51.0723173105603	11.0852764230853	22.8637222931896	28.3051517240791	112.170376617424	24.1973941268944	65.3699689459524	20.936255607975	23.1024962910644	18.3776021905019	22.8955719853593	3.01159212145799	23.7576112849468	19.5331538633195
MarorNovosib-1	MarorNovosib-1	0	9.13991738832502	0	0	0	9.10560762625289	9.966658765749	4.47239360359153	0	0	0	0	0	0	0	9.18184643943581	0	0	3.71902411528384	12.5141687018025	0	0	0
MarorP-1	MarorP-1	159.724566677871	30.2415668931243	118.365920021501	68.1132668503492	89.3060178754545	124.835308839965	122.703945258076	42.2355474313418	47.6054233019567	60.5342456868717	83.2925725976239	31.7801505660123	151.010383267195	37.1738847176743	135.618547216909	56.3623246070373	40.891271401119	29.0739799134163	158.060314091125	23.6862127207089	10.3606799662906	93.8692242662305	20.1617790266952
MarorP-2	MarorP-2	121.418322473196	40.8962336625967	121.682465357466	80.7002353002075	68.3742325938879	74.1688830561788	108.174039518734	113.715874465304	37.3698862481836	43.9463575872197	45.2755797346038	68.5257343566576	85.6948171082149	99.0717449931981	125.617156753841	61.7602669093622	46.130292417822	91.6847662808047	105.822674127585	24.654977470678	10.7916128097012	96.308366835343	18.9385146810939
MarorP-3	MarorP-3	59.728436435061	60.5576017181081	35.3088138309528	111.755670607946	70.5216353968396	221.46015791557	52.690068572561	233.476170880965	29.8381167730999	140.392265695435	40.2372046306527	95.7245664234562	46.8875613619793	144.296538026189	72.9645739184959	189.457340277367	41.942604773337	90.1283690467305	63.4611018831286	46.0723744454578	18.4129109388656	29.4494908266981	29.8749184099049
MarorP-4	MarorP-4	16.542333795636	10.0447090589517	0	0	9.82443914955212	20.7224100256923	18.984014037051	24.035762923946	9.62277797196453	14.3447652424863	0	26.1743105462695	0	6.20450084601241	9.47272023000095	4.91355804007321	14.584426877343	0	0	5.21175507951236	0	0	24.039646749274
MarorP-5	MarorP-5	0	0	0	3.88748546420806	0	0	0	3.85820092134214	0	0	0	10.9028612292117	0	0	0	0	0	3.79600118747118	0	0	0	0	0
MarorPlavaka-1	MarorPlavaka-1	7.026625686618	15.9198606786956	21.9559898390123	60.5534435717639	19.6793976084304	66.6495587420674	9.29409150957	67.7318435320623	5.86285437856965	40.6702928883569	11.9441004106978	30.7951711772634	7.27060794251819	48.5561574343971	8.79438280243759	33.1674298810406	11.750605481133	35.1630023895607	20.4883622391715	30.7598624777437	7.73384416691527	18.2845233574557	14.95627403189
MarorPlavaka-10	MarorPlavaka-10	16.604246657079	13.3037712447259	12.0673793414395	0	0	12.8843997458691	9.515302302688	0	0	24.0713131117573	32.9028758644667	12.1012134217883	13.3926561877838	20.0369727626401	0	0	0	12.6821149604537	22.2029496136964	0	10.5666978179384	27.5136418355698	0
MarorPlavaka-11	MarorPlavaka-11	0	0	0.309627934881833	0.176562510847599	0	0	0	0.7002487133133	0	0.173436387704563	0	0.167907910583504	0	0.197442378500395	0.32997679438266	0	0.497532073719	0	0.291456028887126	0	0.148273763000852	0	0
MarorPlavaka-12	MarorPlavaka-12	1.256459584005	14.9165454913246	5.90754677707265	23.4536848602006	1.08497616492642	41.1733252719128	1.67524274064	71.974718060868	0	29.3696366931869	0	14.7996557129264	1.04211358290487	24.3029577296486	1.0509097177581	30.6693523559755	4.216628512404	11.0170426777571	0	12.682574972062	1.86109153139514	0	14.027269317889
MarorPlavaka-13	MarorPlavaka-13	85.91769973953	17.9421665429434	64.4534276520048	38.1978602361068	47.7002395144405	33.5323129925595	93.323516693918	44.3639481147556	69.1983400431636	22.3271402391	29.8857266403237	22.7290154701942	82.4680540344366	11.2419836125225	49.2837543927746	33.2994644022431	57.678667188636	26.9172337404537	116.140811407566	21.6921875170389	6.36659578547363	76.8505548180609	7.38214340160738
MarorPlavaka-14	MarorPlavaka-14	9.381133730592	27.1560696869259	11.716469442656	74.5246994630948	4.84814612175524	113.353579991033	11.146352491736	136.279237099222	9.3750398160015	112.362555748487	14.1517772211945	78.1669806600595	10.8666000800874	36.5440906177731	12.516764170861	101.081969061944	10.972745878569	24.4498211263788	12.2918805443791	21.8568862372504	12.3630857780306	11.3853811756685	94.0553555222441
MarorPlavaka-15	MarorPlavaka-15	26.172425973447	30.8963076488707	21.9825577108161	95.8136275322598	32.9291065195396	77.9013670405881	29.173225421081	91.4741430682445	31.7867658972536	66.999782013203	21.2204813110577	65.2842624735199	8.32430072964303	20.6704406765413	20.1331481488783	66.78651081811	13.443740193021	29.6732667783417	33.652783081587	8.35627228177093	14.7029337987903	27.9059574924171	11.9461138304869
MarorPlavaka-16	MarorPlavaka-16	63.142437819771	61.7282987287459	51.9134704775066	138.158614249292	23.3518419673398	114.515715024986	47.84464637491	100.391875255412	45.16785915634	152.974903717826	48.8694194635146	105.986071474958	53.4793474870236	56.2008526382124	64.7803816022916	179.354882070523	46.284391169781	89.238354853026	78.1185062576807	109.781468684575	14.5470451575605	54.0381323276847	28.8399326721288
MarorPlavaka-17	MarorPlavaka-17	0	0	0	0	0	2.20758460086479	0	0	0	0	0	0	0	0	0	0	0	4.25441125252702	0	0	0	0	0
MarorPlavaka-18	MarorPlavaka-18	32.675747856561	19.1129565480522	32.998653133167	72.9160647971834	29.79454408551	81.4044939540126	22.821168355202	70.6101500894594	20.7940994464375	44.3608618487256	23.1821963743535	44.8118485034684	17.4904724837795	27.5998906026552	52.8824092568378	44.8506904312572	17.659015334544	53.3985908238896	57.334652315656	78.3071721901491	12.6546770171093	29.9858892176673	34.2689635208593
MarorPlavaka-19	MarorPlavaka-19	34.190538221952	23.1051965649593	26.6452755610615	99.6762127988605	18.3862080611589	57.5802497665814	25.285397459077	65.2593927231187	12.4058272238231	54.5755632797444	19.2740962498498	152.508828903026	44.1563122811315	39.5470207297791	24.9163868227038	82.27246738565	23.168397215454	35.1366159497375	37.2186752949933	88.5050350066425	38.9262978155551	44.4031640930803	59.6501044321097
MarorPlavaka-2	MarorPlavaka-2	524.217271799655	224.922657485854	328.654389320355	428.388718568633	246.281016462337	323.312061091916	406.479542961093	254.482060102152	250.850591333888	192.262501437172	145.467639959508	177.265184285499	248.326633579971	101.914632769904	296.328114361841	605.703805301782	366.405663602289	152.586277914372	353.433232857723	123.343126885418	46.015915717565	383.081001561973	147.780074124523
MarorPlavaka-20	MarorPlavaka-20	1.341480744378	0.177919973377755	1.51183977270142	0.517279993375964	0.166210661221831	0.709298730990291	0.259952640423	0.854807661419145	0.983909282316193	0.846900827283483	0.591585256341775	0.163978194248492	0.957689824709127	0.578392280201157	0.322237544004644	0.876543470683296	1.457602302462	1.0245765600401	1.5654626935163	0.164272407539507	0.144805613000855	1.50746724029627	0.670669410400671
MarorPlavaka-21	MarorPlavaka-21	0	0	0	0	0	0	1.177871098908	0	0	0	0	0	0	0	0	1.60150096388806	0	0	0	0	0	0	0
MarorPlavaka-22	MarorPlavaka-22	0	7.2708760162471	0	4.74524970512782	0	0	0	7.05666776050294	0	0	0	0	0	0	0	0	0	0	1.95589088317413	0	0	0	0
MarorPlavaka-23	MarorPlavaka-23	14.088897089082	5.02598386449082	6.55995527399608	0	2.41772255379709	0	10.995614182119	4.87986266973312	4.62408240683251	0	8.39521169107919	2.31398551079094	6.96849299998309	11.6781940948234	9.35655585472871	10.0173464401837	7.017823758039	9.65679649166563	8.11492087141266	4.61385097534616	2.02783692333397	9.72650846738319	0
MarorPlavaka-3	MarorPlavaka-3	0.663463677897	0.462159122593765	0.916105102679587	2.38849111583044	0.863231026068316	1.995983950202	0.787799397819	2.07217358593993	0.567959442512185	1.76008841616129	0.128050728826384	4.40146638535021	0	1.33456044270267	0.836801786869674	1.36597116791716	0.140198683755	1.18283595709473	0.739275156668782	1.99142467051803	1.003134441917	1.15990051667945	3.91994979612892
MarorPlavaka-4	MarorPlavaka-4	0	2.16840473291282	0.131611042511079	0.600353849873847	0.144651289211723	0.926204822687074	0.113151249575	0.744066506749256	0	0.294933237035961	0	0.428251453195285	0.41673159525475	3.01907034060604	0	3.6623011238877	0	0.743270199575973	0.123879160372628	1.001094419637	0	0	0.145968119550146
MarorPlavaka-5	MarorPlavaka-5	10.869244103682	8.93385821978946	0	8.83040347924455	9.11668362205858	26.3149935702087	19.298237747222	0	8.16049661696507	24.5909007588486	22.2210256635587	0	0	24.7595255610495	26.483204118479	62.8413409220924	0	17.1442053805726	36.8168871126256	8.05243902715184	0	9.12446502048819	24.7015167665997
MarorPlavaka-6	MarorPlavaka-6	1074.59021326561	623.069840227544	712.91116998968	1359.56870277806	752.158269622517	1146.50112699384	1087.9032900989	1054.965437477	639.257953669098	947.211163934677	448.291088930239	677.310493098055	638.11371284439	973.179581662746	835.781698114144	1285.72046521565	622.800102179103	800.563455588917	1091.37426767511	598.924027697139	166.780923636538	1053.61050436901	475.495534400351
MarorPlavaka-7	MarorPlavaka-7	789.860469562911	297.506731999396	420.26772276982	632.14764925548	415.042012958426	703.390540679648	485.552772293463	553.304809884971	373.166990286883	466.157802888803	392.295370431011	424.723082706637	592.889638294981	662.965128614226	576.617779930315	509.301614332736	404.344190079606	356.801777278068	540.258002481581	349.899554076654	88.1528345674158	435.337179364661	140.40301548859
MarorPlavaka-8	MarorPlavaka-8	77.20567718211	76.1552080552259	33.0874887955524	135.099995798974	41.1432453620067	151.835774816654	55.541830776999	163.959245846316	37.2260674518123	121.182711019684	25.8319101007555	81.0855057764183	70.2709220792812	77.0991794147542	30.9636890546419	154.057341435207	33.187229187327	75.4435257269548	55.6866785153109	52.4499842591147	21.1346681309399	45.9829343162389	58.031326991333
MarorPlavaka-9	MarorPlavaka-9	0.16783330167	0	0	0.15104793192824	0	0.310707262737689	0	1.1981169012488	0	0	0.129566065028389	0.287324718911862	0	0.67520966980135	0	0.614285740234994	0	0.299207478089197	0.374013127251878	0.431780248354705	0	0.146705887872063	0
MarorSatellite-1	MarorSatellite-1	0	0	0	0	0	0	0	0	0	0	0	0	0	0	0	0	0	0	0	0	0	0	160.848365472736
MarorSatellite-2	MarorSatellite-2	0	0	0	0	0	0	0	0	0	0	0	0	0	0	0	0	0	0	0	0	0	0	0
MarorSatellite-3	MarorSatellite-3	0	0	0	0	0	0	0	0	0	0	0	0	0	0	0	0	0	0	0	0	0	0	0
MarorSatellite-4	MarorSatellite-4	0	0	0	0	0	0	0	0	0	0	0	0	0	0	0	0	0	0	0	0	0	0	0
MarorTcMar-1	MarorTcMar-1	343.191885890931	155.367453286663	192.175536245747	191.011062336692	248.735938416868	341.393067658826	278.804457293803	411.254792123233	158.883589157353	221.69371756874	153.522640118899	203.483292415132	296.064258536552	68.2927178468366	263.155500142066	58.4843829523418	123.734629417452	129.830647441988	391.568659439433	121.837793766966	76.7736506902542	218.086433098552	124.88957995895
MarorTcMar-10	MarorTcMar-10	123.306368962608	198.127450097792	168.016772004294	461.478156171724	158.175330515982	369.555506236871	163.044265483148	476.166711203668	105.787350957363	300.279873966846	85.5232103623726	217.690626418222	181.697167325243	364.018758217828	209.925434895006	303.548343310734	119.780346689265	254.878513550831	188.837245926733	219.648953512669	72.023098317294	137.16594438284	173.520516962549
MarorTcMar-11	MarorTcMar-11	8.8030792962	46.0989699812993	30.4521558622588	49.1439629888668	45.1141351945516	76.5877742834164	58.772373051819	37.5141912862725	45.9005259211752	53.9972265148356	28.9535997852109	45.9621205309299	104.677988459386	65.1350913299303	58.1342517109823	50.08847622429	57.962633524317	36.9254328891127	56.1164218446517	31.6358955285491	0	30.1854744975119	28.7317013662537
MarorTcMar-12	MarorTcMar-12	114.770440075302	15.9369742380324	78.437592964755	15.7278288256218	72.7034191165705	39.1905987676228	45.964043196218	86.3082541902137	14.5632542439862	14.6393878077948	13.2376440028497	29.1331730929054	39.0553654140788	54.0883591689082	46.7912197892196	24.0123731354515	15.510757060038	0	52.2625562114402	14.3896896146208	0	32.3897921789624	0
MarorTcMar-13	MarorTcMar-13	16.833408933123	0	24.4640155626808	0	0	13.043054619824	9.636403006552	0	24.5316378176516	36.5287202145617	0	12.2503080687888	13.5521549769113	0	0	27.2749972917153	0	12.8280597125953	22.5127753869285	35.9371620441602	0	13.9454930611527	12.3908219888874
MarorTcMar-14	MarorTcMar-14	0	0	0	0	0	0	0	0	0	0	0	0	0	0	0	0	0	0	0	0	0	0	0
MarorTcMar-15	MarorTcMar-15	0	20.1710812139128	11.999178613572	39.7960553756379	13.4775172327524	6.65383809656435	4.851566507179	19.8022996442342	18.4381826176477	6.19598259877772	0	6.14558360452944	13.004793656025	79.7497982442595	0	13.5429557643906	12.989643071376	19.3791010821595	0	0	0	0	0
MarorTcMar-16	MarorTcMar-16	0	0	0	0	0	0	0	0	0	0	0	0	0	0	0	0	0	0	0	0	0	0	0
MarorTcMar-17	MarorTcMar-17	0	0	0	5.17416817754642	0	0	0	0	0	0	0	4.80508964118642	0	0	5.01759902034404	5.26199047961107	0	0	4.26428151945621	4.76211555533771	0	0	0
MarorTcMar-18	MarorTcMar-18	6.166293780393	14.4888203760276	13.2361296569793	24.1077093754569	11.6508000639393	22.6927749663003	13.605236663165	19.9187461814921	6.6752792594499	13.281146639949	7.31734898083195	14.7822692258653	11.655397088829	4.53013430630906	15.995277600584	17.8745115279627	4.252937846727	13.9079019916416	29.8409973292525	9.06994238052879	10.0949513383219	21.0299360067723	3.8982237178539
MarorTcMar-19	MarorTcMar-19	0	0	0	0	0	0	0	12.9377418576471	2.4670009716154	6.34401759403941	0	3.70197438299011	1.21955653024034	0	0	0	0	0	0	0	0	3.8347668902234	1.25912475727626
MarorTcMar-2	MarorTcMar-2	190.689682725171	115.89941660712	182.790012475205	199.739427937059	166.727223991392	259.848695532728	286.413651662558	186.004297161348	129.32065968734	224.527284187396	190.764898109876	213.30782378602	230.199113377041	136.653892997873	168.948357742664	224.170167746183	172.24306875549	143.249781905854	258.944242615152	155.173740112898	46.3682627482156	203.997192745295	65.7435869170407
MarorTcMar-20	MarorTcMar-20	4712.0731373547	2101.61756333114	3281.89172567319	5584.1460782523	3555.68245659184	6232.01805293932	3148.63696432713	5233.9358552009	2352.71956985467	3938.53951607902	2024.68275147549	3156.67131601637	3236.59546534236	6709.17059012982	3892.36454727521	4680.11077205754	2730.48765201296	3154.5656855909	3678.97643837095	2786.24915075734	539.051524384513	3238.30997881322	1912.97822915456
MarorTcMar-21	MarorTcMar-21	136.311654980142	226.756564802416	122.061713985694	493.1181638277	101.590207838363	588.523669107852	186.284809950533	486.907124999001	109.049886212918	412.837452317359	132.953250716609	257.754270969234	146.390792930401	297.100497268894	132.363617348203	416.386564549101	92.75746202508	286.476138511564	215.641069490479	347.338385981426	102.380368961265	151.358225429206	184.062787499709
MarorTcMar-3	MarorTcMar-3	389.646139706226	442.316032150311	316.88497539518	680.831760988487	288.732001726622	736.091941028668	367.498098426669	894.602499960767	404.332609432121	475.529046204436	211.579292117743	483.868834891786	395.298611672214	679.553067065559	396.105122834904	627.612087872101	297.685384963812	373.391078834055	465.233526900809	436.437238346243	63.6822946292603	385.059389681661	378.690070600704
MarorTcMar-4	MarorTcMar-4	414.652354493616	217.938604579382	323.943690537234	405.061475426127	322.814393680589	461.24412541271	396.456341683899	421.444614303515	239.91262144378	379.565698406414	197.472602860558	242.939285741781	268.261638967643	454.747834680109	427.417223189127	357.204021795017	257.873241549192	298.770631176978	393.770264936131	181.637084426491	62.6579677253673	297.727736505025	155.790353579456
MarorTcMar-5	MarorTcMar-5	32.327559064998	21.2335283918794	31.1086718179902	41.783949337044	44.8494495740102	95.2606930015587	59.311834061214	93.2006251385888	35.7872364840806	53.1281099651112	26.65611240498	58.6328356925589	89.4608134283156	12.7342955956255	26.6792182334874	88.6109959954275	33.273657396276	37.4133351282067	37.2917734674541	32.4056273917908	11.3801761457046	45.0660255379246	9.93204196243493
MarorTcMar-6	MarorTcMar-6	114.526050145605	56.6899562035752	146.436486504103	45.8244245357703	178.229381405845	87.1434078639179	108.468391482647	191.935420119492	75.584616817811	57.455101149405	51.7479166559952	37.8484724790306	93.4366285862957	136.382477398073	108.634999351831	72.5696146121967	83.59701393636	19.8120376605422	117.528693823533	51.5809293314533	12.3161374777227	133.339156341743	38.4062162377134
MarorTcMar-7	MarorTcMar-7	202.234061695725	67.0562875123826	58.8370830395962	161.50875846159	156.512060959058	247.350495023143	163.714665809828	310.423218460944	80.1510213417942	170.013513953568	95.3691469397261	145.056118599345	131.524952358141	107.951407219416	126.09737095083	157.684123368471	78.666298017597	64.4420728096168	103.197731747543	236.509064501339	18.8807720192091	104.862662361002	62.7568615652628
MarorTcMar-8	MarorTcMar-8	101.284659194823	193.909902566419	62.7573075036587	251.314668833626	62.5015289093845	335.676666227904	54.13698227749	293.116837696007	53.9484726941826	268.558063293738	31.2779235494118	147.506161516503	67.7705752260527	338.774124817878	116.253850910195	206.771118794067	52.496384452677	128.387934551954	49.0497910523639	139.236768529598	35.3642413808106	72.1066326158146	57.6608107435827
MarorTcMar-9	MarorTcMar-9	0	0	0	0	0	0	0	0	0	0	0	0	0	0	0	0	0	0	0	0	0	0	0
MarorU-1	MarorU-1	36.526403046897	0	22.0269640994898	6.09667380080927	6.17073317890485	12.2582330743837	8.934780481396	6.06594171014593	5.65371238825616	0	25.7591484494053	0	17.8833896265744	0	11.9437550111579	12.4332147902076	11.882759825121	11.8810676355385	20.2084495025944	0	0	43.4569811619975	11.4642977773615
MarorU-2	MarorU-2	0	3.60831532347774	3.11700966704618	7.04505476361054	5.1604949766848	8.99213571236001	1.316384993091	10.4770105475155	0	3.4109904745282	3.00927841142303	8.30869763295093	6.60967913036017	12.3067546063246	4.99574512425399	21.5009209302914	1.667982422883	1.73273008598093	4.35720920928093	1.65910392473502	0	5.19334147444171	0
MarorU-3	MarorU-3	0	0	1.37224936273439	0	0	0	0	1.53936010158846	0	0	0	0	0	0	0	0	0	1.52882620289912	0	0	1.28897403167271	1.52371027978798	0
MarorU-4	MarorU-4	0	0	0	0	0	0	0	1.07958513024692	0	0	0	1.03079867196509	0	3.73856128880748	0	2.2149101752653	0	1.0742502023723	0	1.03062872298891	0	0	2.1044194635771
MarorU-5	MarorU-5	14.96696599413	13.1655814087668	17.3168545796508	25.8785257888785	6.39679647543098	45.9388274072051	14.393108471371	22.4480920104356	15.1320094504184	21.6407718570147	16.5194921418756	33.328189440681	6.14347120004557	7.83468814501567	12.3695831766127	13.1702841794097	6.174313836402	12.6519995765756	10.661319664467	12.0629346415558	2.64843525260735	28.9309786252592	15.4038629943154
